"Median_House_Value","Median_Income","Median_Age","Tot_Rooms","Tot_Bedrooms","Population","Households","Latitude","Longitude","Distance_to_coast","Distance_to_LA","Distance_to_SanDiego","Distance_to_SanJose","Distance_to_SanFrancisco"
"452600","8.3252","41","880","129","322","126","37.88","-122.23","9263.0407728504","556529.1583418","735501.80698384","67432.517000843","21250.21376678"
"358500","8.3014","21","7099","1106","2401","1138","37.86","-122.22","10225.733071542","554279.85006876","733236.88436017","65049.908573966","20880.600399707"
"352100","7.2574","52","1467","190","496","177","37.85","-122.24","8259.0851093229","554610.71706938","733525.68293736","64867.289833485","18811.487449688"
"341300","5.6431","52","1274","235","558","219","37.85","-122.25","7768.0865708364","555194.26608629","734095.29074403","65287.138412052","18031.047567727"
"342200","3.8462","52","1627","280","565","259","37.85","-122.25","7768.0865708364","555194.26608629","734095.29074403","65287.138412052","18031.047567727"
"269700","4.0368","52","919","213","413","193","37.85","-122.25","7768.0865708364","555194.26608629","734095.29074403","65287.138412052","18031.047567727"
"299200","3.6591","52","2535","489","1094","514","37.84","-122.25","6843.020847375","554364.40693565","733249.80857759","64315.991741937","17538.209972498"
"241400","3.12","52","3104","687","1157","647","37.84","-122.25","6843.020847375","554364.40693565","733249.80857759","64315.991741937","17538.209972498"
"226700","2.0804","42","2555","665","1206","595","37.84","-122.26","6363.9480126177","554949.74951857","733820.82441922","64751.463862914","16744.406583507"
"261100","3.6912","52","3549","707","1551","714","37.84","-122.25","6843.020847375","554364.40693565","733249.80857759","64315.991741937","17538.209972498"
"281500","3.2031","52","2202","434","910","402","37.85","-122.26","7349.6208416098","555778.65766927","734665.57503872","65716.117724091","17260.03207362"
"241800","3.2705","52","3503","752","1504","734","37.85","-122.26","7349.6208416098","555778.65766927","734665.57503872","65716.117724091","17260.03207362"
"213500","3.075","52","2491","474","1098","468","37.85","-122.26","7349.6208416098","555778.65766927","734665.57503872","65716.117724091","17260.03207362"
"191300","2.6736","52","696","191","345","174","37.84","-122.26","6363.9480126177","554949.74951857","733820.82441922","64751.463862914","16744.406583507"
"159200","1.9167","52","2643","626","1212","620","37.85","-122.26","7349.6208416098","555778.65766927","734665.57503872","65716.117724091","17260.03207362"
"140000","2.125","50","1120","283","697","264","37.85","-122.26","7349.6208416098","555778.65766927","734665.57503872","65716.117724091","17260.03207362"
"152500","2.775","52","1966","347","793","331","37.85","-122.27","7016.6772439486","556363.88915713","735236.53424147","66154.050138904","16499.762203124"
"155500","2.1202","52","1228","293","648","303","37.85","-122.27","7016.6772439486","556363.88915713","735236.53424147","66154.050138904","16499.762203124"
"158700","1.9911","50","2239","455","990","419","37.84","-122.26","6363.9480126177","554949.74951857","733820.82441922","64751.463862914","16744.406583507"
"162900","2.6033","52","1503","298","690","275","37.84","-122.27","5976.288058276","555535.93144786","734392.51495391","65195.936185723","15959.483657221"
"147500","1.3578","40","751","184","409","166","37.85","-122.27","7016.6772439486","556363.88915713","735236.53424147","66154.050138904","16499.762203124"
"159800","1.7135","42","1639","367","929","366","37.85","-122.27","7016.6772439486","556363.88915713","735236.53424147","66154.050138904","16499.762203124"
"113900","1.725","52","2436","541","1015","478","37.84","-122.27","5976.288058276","555535.93144786","734392.51495391","65195.936185723","15959.483657221"
"99700","2.1806","52","1688","337","853","325","37.84","-122.27","5976.288058276","555535.93144786","734392.51495391","65195.936185723","15959.483657221"
"132600","2.6","52","2224","437","1006","422","37.84","-122.27","5976.288058276","555535.93144786","734392.51495391","65195.936185723","15959.483657221"
"107500","2.4038","41","535","123","317","119","37.85","-122.28","6781.8631745087","556949.95789606","735808.16677532","66600.75903878","15751.793974503"
"93800","2.4597","49","1130","244","607","239","37.85","-122.28","6781.8631745087","556949.95789606","735808.16677532","66600.75903878","15751.793974503"
"105500","1.808","52","1898","421","1102","397","37.85","-122.28","6781.8631745087","556949.95789606","735808.16677532","66600.75903878","15751.793974503"
"108900","1.6424","50","2082","492","1131","473","37.84","-122.28","5698.7269031744","556122.95006322","734964.8786014","65649.225900402","15184.818393621"
"132000","1.6875","52","729","160","395","155","37.84","-122.28","5698.7269031744","556122.95006322","734964.8786014","65649.225900402","15184.818393621"
"122300","1.9274","49","1916","447","863","378","37.84","-122.28","5698.7269031744","556122.95006322","734964.8786014","65649.225900402","15184.818393621"
"115200","1.9615","52","2153","481","1168","441","37.84","-122.28","5698.7269031744","556122.95006322","734964.8786014","65649.225900402","15184.818393621"
"110400","1.7969","48","1922","409","1026","335","37.84","-122.27","5976.288058276","555535.93144786","734392.51495391","65195.936185723","15959.483657221"
"104900","1.375","49","1655","366","754","329","37.83","-122.27","4967.0051944368","554708.96438173","733549.20691652","64242.779207233","15480.34052311"
"109700","2.7303","51","2665","574","1258","536","37.83","-122.27","4967.0051944368","554708.96438173","733549.20691652","64242.779207233","15480.34052311"
"97200","1.4861","49","1215","282","570","264","37.83","-122.27","4967.0051944368","554708.96438173","733549.20691652","64242.779207233","15480.34052311"
"104500","1.0972","48","1798","432","987","374","37.83","-122.27","4967.0051944368","554708.96438173","733549.20691652","64242.779207233","15480.34052311"
"103900","1.4103","52","1511","390","901","403","37.83","-122.28","4629.2732494794","555296.934643","734122.3027904","64702.808723221","14680.301925728"
"191400","3.48","52","1470","330","689","309","37.83","-122.26","5427.3017456453","554121.83023129","732976.78393276","63791.604910201","16288.476117313"
"176000","2.5898","52","2432","715","1377","696","37.83","-122.26","5427.3017456453","554121.83023129","732976.78393276","63791.604910201","16288.476117313"
"155400","2.0978","52","1665","419","946","395","37.83","-122.26","5427.3017456453","554121.83023129","732976.78393276","63791.604910201","16288.476117313"
"150000","1.2852","51","936","311","517","249","37.83","-122.26","5427.3017456453","554121.83023129","732976.78393276","63791.604910201","16288.476117313"
"118800","1.025","49","713","202","462","189","37.84","-122.26","6363.9480126177","554949.74951857","733820.82441922","64751.463862914","16744.406583507"
"188800","3.9643","52","950","202","467","198","37.84","-122.26","6363.9480126177","554949.74951857","733820.82441922","64751.463862914","16744.406583507"
"184400","3.0125","52","1443","311","660","292","37.83","-122.26","5427.3017456453","554121.83023129","732976.78393276","63791.604910201","16288.476117313"
"182300","2.6768","52","1656","420","718","382","37.83","-122.26","5427.3017456453","554121.83023129","732976.78393276","63791.604910201","16288.476117313"
"142500","2.026","50","1125","322","616","304","37.83","-122.26","5427.3017456453","554121.83023129","732976.78393276","63791.604910201","16288.476117313"
"137500","1.7348","43","1007","312","558","253","37.82","-122.27","4012.3714289613","553882.99239594","732706.61258518","63294.803145202","15068.165949398"
"187500","0.9506","40","624","195","423","160","37.82","-122.26","4569.9273854591","553294.90424649","732133.45603542","62836.760599294","15897.377593609"
"112500","1.775","40","946","375","700","352","37.82","-122.27","4012.3714289613","553882.99239594","732706.61258518","63294.803145202","15068.165949398"
"171900","0.9218","21","896","453","735","438","37.82","-122.27","4012.3714289613","553882.99239594","732706.61258518","63294.803145202","15068.165949398"
"93800","1.5045","43","1868","456","1061","407","37.82","-122.27","4012.3714289613","553882.99239594","732706.61258518","63294.803145202","15068.165949398"
"97500","1.1108","41","3221","853","1959","720","37.82","-122.27","4012.3714289613","553882.99239594","732706.61258518","63294.803145202","15068.165949398"
"104200","1.2475","52","1630","456","1162","400","37.82","-122.27","4012.3714289613","553882.99239594","732706.61258518","63294.803145202","15068.165949398"
"87500","1.6098","52","1170","235","701","233","37.82","-122.28","3585.7656953424","554471.91607071","733280.44179797","63761.7353167","14244.882532512"
"83100","1.4113","52","945","243","576","220","37.82","-122.28","3585.7656953424","554471.91607071","733280.44179797","63761.7353167","14244.882532512"
"87500","1.5057","52","1238","288","622","259","37.82","-122.28","3585.7656953424","554471.91607071","733280.44179797","63761.7353167","14244.882532512"
"85300","0.8172","52","1489","335","728","244","37.82","-122.28","3585.7656953424","554471.91607071","733280.44179797","63761.7353167","14244.882532512"
"80300","1.2171","52","1387","341","1074","304","37.82","-122.28","3585.7656953424","554471.91607071","733280.44179797","63761.7353167","14244.882532512"
"60000","2.5625","2","158","43","94","57","37.82","-122.29","3340.6600783853","555061.67260512","733854.94209","64237.363256611","13428.617743061"
"75700","3.3929","52","1121","211","554","187","37.83","-122.29","4442.1498090159","555885.73835582","734696.0699739","65171.505932885","13889.759546432"
"75000","6.1183","49","135","29","86","23","37.82","-122.29","3340.6600783853","555061.67260512","733854.94209","64237.363256611","13428.617743061"
"86100","0.9011","50","760","190","377","122","37.81","-122.29","2249.4859256174","554238.60991397","733014.53259741","63308.967201263","13046.186719922"
"76100","1.191","52","1224","237","521","159","37.81","-122.3","2214.9860559149","554830.15061818","733590.43636629","63800.210534151","12212.914361684"
"73500","2.5938","48","828","182","392","133","37.81","-122.3","2214.9860559149","554830.15061818","733590.43636629","63800.210534151","12212.914361684"
"78400","1.1667","52","1010","209","604","187","37.81","-122.3","2214.9860559149","554830.15061818","733590.43636629","63800.210534151","12212.914361684"
"84400","0.8056","48","1455","354","788","332","37.81","-122.3","2214.9860559149","554830.15061818","733590.43636629","63800.210534151","12212.914361684"
"81300","2.6094","52","1027","244","492","147","37.8","-122.29","1197.1743550709","553416.55475779","732174.84396992","62386.574319691","12749.551387524"
"85000","1.8516","52","572","109","274","82","37.81","-122.3","2214.9860559149","554830.15061818","733590.43636629","63800.210534151","12212.914361684"
"129200","0.9802","46","2801","644","1823","611","37.81","-122.29","2249.4859256174","554238.60991397","733014.53259741","63308.967201263","13046.186719922"
"82500","1.7719","26","768","152","392","127","37.81","-122.29","2249.4859256174","554238.60991397","733014.53259741","63308.967201263","13046.186719922"
"95200","0.7286","46","935","297","582","277","37.81","-122.29","2249.4859256174","554238.60991397","733014.53259741","63308.967201263","13046.186719922"
"75000","1.75","49","844","204","560","152","37.81","-122.29","2249.4859256174","554238.60991397","733014.53259741","63308.967201263","13046.186719922"
"67500","0.4999","46","12","4","18","7","37.81","-122.29","2249.4859256174","554238.60991397","733014.53259741","63308.967201263","13046.186719922"
"137500","2.483","20","835","161","290","133","37.81","-122.29","2249.4859256174","554238.60991397","733014.53259741","63308.967201263","13046.186719922"
"177500","0.9241","17","1237","462","762","439","37.81","-122.28","2599.6389610115","553647.89880272","732439.29808899","62826.245814083","13885.062147891"
"102100","2.4464","36","2914","562","1236","509","37.81","-122.28","2599.6389610115","553647.89880272","732439.29808899","62826.245814083","13885.062147891"
"108300","1.1111","19","1207","243","721","207","37.81","-122.28","2599.6389610115","553647.89880272","732439.29808899","62826.245814083","13885.062147891"
"112500","0.8026","23","1745","374","1054","325","37.81","-122.29","2249.4859256174","554238.60991397","733014.53259741","63308.967201263","13046.186719922"
"131300","2.0114","38","684","176","344","155","37.8","-122.28","1769.5739983081","552824.88731658","731598.87413753","61896.593397032","13606.839533402"
"162500","1.5","17","924","289","609","289","37.81","-122.28","2599.6389610115","553647.89880272","732439.29808899","62826.245814083","13885.062147891"
"112500","1.1667","52","210","56","183","56","37.81","-122.27","3162.2730120344","553058.01994887","731864.734425","62352.244305194","14728.58328919"
"112500","1.5208","52","340","97","200","87","37.81","-122.28","2599.6389610115","553647.89880272","732439.29808899","62826.245814083","13885.062147891"
"137500","0.8075","52","386","164","346","155","37.81","-122.28","2599.6389610115","553647.89880272","732439.29808899","62826.245814083","13885.062147891"
"118800","1.8088","35","948","184","467","169","37.81","-122.28","2599.6389610115","553647.89880272","732439.29808899","62826.245814083","13885.062147891"
"98200","2.4083","52","773","143","377","115","37.81","-122.28","2599.6389610115","553647.89880272","732439.29808899","62826.245814083","13885.062147891"
"118800","0.977","40","880","451","582","380","37.81","-122.27","3162.2730120344","553058.01994887","731864.734425","62352.244305194","14728.58328919"
"162500","0.76","10","875","348","546","330","37.81","-122.27","3162.2730120344","553058.01994887","731864.734425","62352.244305194","14728.58328919"
"137500","0.9722","10","105","42","125","39","37.8","-122.27","2524.6146156692","552234.05152012","731023.57491033","61415.352106647","14466.70538151"
"500001","1.2434","52","249","78","396","85","37.8","-122.27","2524.6146156692","552234.05152012","731023.57491033","61415.352106647","14466.70538151"
"162500","2.0938","16","994","392","800","362","37.8","-122.27","2524.6146156692","552234.05152012","731023.57491033","61415.352106647","14466.70538151"
"137500","0.8668","52","215","87","904","88","37.8","-122.28","1769.5739983081","552824.88731658","731598.87413753","61896.593397032","13606.839533402"
"162500","0.75","52","96","31","191","34","37.8","-122.28","1769.5739983081","552824.88731658","731598.87413753","61896.593397032","13606.839533402"
"187500","2.6354","27","1055","347","718","302","37.79","-122.27","2284.7865434163","551411.0916106","730183.13652482","60484.389875872","14286.805862231"
"179200","1.8477","39","1715","623","1327","467","37.8","-122.27","2524.6146156692","552234.05152012","731023.57491033","61415.352106647","14466.70538151"
"130000","2.0096","36","5329","2477","3469","2323","37.8","-122.26","3340.6716189762","551644.05004683","730448.94787868","60943.057493826","15328.715139569"
"183800","2.8345","31","4596","1331","2048","1180","37.82","-122.26","4569.9273854591","553294.90424649","732133.45603542","62836.760599294","15897.377593609"
"125000","2.0062","29","335","107","202","91","37.81","-122.26","3845.2217774209","552468.97602447","731290.84319253","61887.163040261","15575.995384642"
"170000","1.2185","22","3682","1270","2024","1250","37.82","-122.26","4569.9273854591","553294.90424649","732133.45603542","62836.760599294","15897.377593609"
"193100","2.6104","37","3633","1085","1838","980","37.82","-122.26","4569.9273854591","553294.90424649","732133.45603542","62836.760599294","15897.377593609"
"257800","2.4912","29","4656","1414","2304","1250","37.81","-122.25","4595.1498797728","551880.76970918","730717.62598178","61431.20462418","16426.696262621"
"273400","3.2177","28","5806","1603","2563","1497","37.81","-122.25","4595.1498797728","551880.76970918","730717.62598178","61431.20462418","16426.696262621"
"237500","3.125","39","854","242","389","228","37.81","-122.25","4595.1498797728","551880.76970918","730717.62598178","61431.20462418","16426.696262621"
"350000","2.5795","52","2155","701","895","613","37.81","-122.25","4595.1498797728","551880.76970918","730717.62598178","61431.20462418","16426.696262621"
"335700","2.8406","34","5871","1914","2689","1789","37.81","-122.26","3845.2217774209","552468.97602447","731290.84319253","61887.163040261","15575.995384642"
"313400","4.9306","52","1509","225","674","244","37.82","-122.24","5923.3072356236","552121.24522402","730989.16727565","61948.129338583","17570.222519828"
"268500","3.2727","52","2026","482","709","456","37.81","-122.24","5384.1421071774","551293.40369029","730145.08438608","60984.573686706","17280.200202579"
"259400","3.1691","52","1758","460","686","422","37.81","-122.25","4595.1498797728","551880.76970918","730717.62598178","61431.20462418","16426.696262621"
"275700","3.9","52","3481","751","1444","718","37.82","-122.24","5923.3072356236","552121.24522402","730989.16727565","61948.129338583","17570.222519828"
"225000","3.9063","28","3337","855","1520","802","37.82","-122.25","5216.6129854913","552707.6542956","731560.97373558","62387.803483699","16731.6360795"
"262500","5.0917","52","1424","289","550","253","37.82","-122.25","5216.6129854913","552707.6542956","731560.97373558","62387.803483699","16731.6360795"
"218500","2.6429","32","3809","1098","1806","1022","37.82","-122.25","5216.6129854913","552707.6542956","731560.97373558","62387.803483699","16731.6360795"
"255000","3.0233","26","3959","1196","1749","1217","37.82","-122.25","5216.6129854913","552707.6542956","731560.97373558","62387.803483699","16731.6360795"
"224100","3.1484","52","2376","559","939","519","37.83","-122.25","5981.9362813174","553535.53485847","732405.03542269","63349.475037901","17103.560999838"
"243100","3.4722","35","1613","428","675","422","37.83","-122.25","5981.9362813174","553535.53485847","732405.03542269","63349.475037901","17103.560999838"
"231600","3.1429","52","1279","287","534","291","37.83","-122.25","5981.9362813174","553535.53485847","732405.03542269","63349.475037901","17103.560999838"
"218500","2.4234","28","5022","1750","2558","1661","37.83","-122.25","5981.9362813174","553535.53485847","732405.03542269","63349.475037901","17103.560999838"
"234100","3.0897","52","4190","1105","1786","1037","37.83","-122.25","5981.9362813174","553535.53485847","732405.03542269","63349.475037901","17103.560999838"
"327600","5.8596","50","2515","399","970","373","37.84","-122.23","8006.9337455887","553196.25048723","732109.80730981","63472.785280782","19148.028465561"
"347600","5.2868","47","3175","454","1098","485","37.84","-122.23","8006.9337455887","553196.25048723","732109.80730981","63472.785280782","19148.028465561"
"366100","5.956","41","2576","406","794","376","37.83","-122.24","6607.1940213289","552950.08093752","731833.96297297","62916.5802677","17924.647175125"
"335000","4.9643","37","334","54","98","47","37.85","-122.24","8259.0851093229","554610.71706938","733525.68293736","64867.289833485","18811.487449688"
"373600","6.3434","52","2800","411","1061","403","37.85","-122.23","8810.4982854766","554028.01328707","732956.7532017","64456.75041659","19600.225965373"
"389500","5.1773","52","3529","574","1177","555","37.84","-122.24","7395.7635788311","553779.90636682","732679.46901233","63889.703864126","18339.740726372"
"391100","7.2354","52","2612","365","901","367","37.85","-122.24","8259.0851093229","554610.71706938","733525.68293736","64867.289833485","18811.487449688"
"337300","5.457","28","5287","1048","2031","956","37.85","-122.22","9411.7133642204","553446.15741525","732388.50312307","64055.699156377","20396.300387924"
"295200","7.5","50","2935","473","1031","479","37.84","-122.22","8664.1757534493","552613.44197946","731540.82505942","63065.421815083","19962.252410857"
"292300","6.0194","44","3424","597","1358","597","37.84","-122.21","9357.7870904273","552031.48353349","730972.52385363","62667.799807173","20781.714826659"
"411500","7.5544","40","4991","674","1616","654","37.83","-122.21","8748.1613890564","551198.79474073","730124.81789842","61675.230525511","20416.647676964"
"311500","6.0666","30","2211","346","844","343","37.84","-122.2","10080.262947581","551450.37784672","730404.90528793","62280.105842397","21605.819660478"
"325900","7.0548","34","3038","490","1140","496","37.84","-122.21","9357.7870904273","552031.48353349","730972.52385363","62667.799807173","20781.714826659"
"392600","11.6017","18","1617","210","533","194","37.84","-122.19","10825.825922933","550870.12762399","729837.97096086","61902.526462722","22434.05529788"
"319300","7.4882","35","2865","460","1072","443","37.84","-122.2","10080.262947581","551450.37784672","730404.90528793","62280.105842397","21605.819660478"
"333300","6.8976","34","5065","788","1627","766","37.83","-122.21","8748.1613890564","551198.79474073","730124.81789842","61675.230525511","20416.647676964"
"335200","8.2049","28","1326","184","463","190","37.83","-122.19","10303.62415687","550035.52723373","728988.79737716","60897.379544214","22096.523346469"
"351200","8.401","26","1589","223","542","211","37.83","-122.2","9517.1294347625","550616.73351952","729556.46561798","61281.204044797","21255.023116457"
"368900","6.8538","29","1791","271","661","269","37.83","-122.19","10303.62415687","550035.52723373","728988.79737716","60897.379544214","22096.523346469"
"365900","8.317","32","1835","264","635","263","37.82","-122.19","9879.4582441999","549201.90741145","728140.32844066","59896.007684809","21810.518198839"
"366700","7.0175","37","1229","181","420","176","37.82","-122.2","9056.084427659","549784.07161063","728708.73174302","60286.260474538","20957.419357132"
"362800","6.3302","39","3770","534","1265","500","37.82","-122.2","9056.084427659","549784.07161063","728708.73174302","60286.260474538","20957.419357132"
"483300","6.3624","30","292","38","126","52","37.81","-122.18","9430.448165193","547787.0052475","726724.11234623","58512.315518201","22442.111869149"
"331400","7.0549","52","2375","333","813","350","37.82","-122.21","8244.1092502942","550367.09020622","729277.81888159","60686.80115537","20106.521038049"
"323500","6.7851","45","2964","436","1067","426","37.81","-122.2","8713.3482967782","548952.39659053","727861.70612919","59295.474382213","20715.301071667"
"216700","2.8929","50","2833","605","1260","552","37.8","-122.21","7632.4268854804","548706.65180943","727585.9515367","58723.197476336","19661.03059376"
"233100","3.0812","38","2254","535","951","487","37.8","-122.21","7632.4268854804","548706.65180943","727585.9515367","58723.197476336","19661.03059376"
"296400","5.2402","52","1389","212","510","224","37.81","-122.21","7865.952463319","549536.37439889","728431.5292692","59702.717316395","19853.90966035"
"273700","6.5217","52","1971","335","765","308","37.81","-122.22","7026.2286623532","550121.20332884","729002.03442868","60120.121455701","18994.104578664"
"227700","3.2632","52","2183","465","1129","460","37.8","-122.22","6763.6475365436","549292.44122214","728157.19362506","59147.5715447","18792.282509012"
"199600","3.0298","52","2286","464","1073","441","37.8","-122.22","6763.6475365436","549292.44122214","728157.19362506","59147.5715447","18792.282509012"
"239800","4.5428","52","2721","541","1185","515","37.8","-122.22","6763.6475365436","549292.44122214","728157.19362506","59147.5715447","18792.282509012"
"270100","4.072","52","2024","339","756","340","37.81","-122.22","7026.2286623532","550121.20332884","729002.03442868","60120.121455701","18994.104578664"
"302100","5.3509","52","2944","536","1034","521","37.81","-122.22","7026.2286623532","550121.20332884","729002.03442868","60120.121455701","18994.104578664"
"269500","3.1603","52","2033","486","787","459","37.8","-122.23","5897.7992904625","549879.07846517","728729.11590793","59581.961218213","17924.511119415"
"314700","4.7708","52","1433","229","612","213","37.81","-122.23","6197.2963351424","550706.88066268","729573.22000186","60547.476646888","18136.111454878"
"390100","8.1564","52","2927","402","1021","380","37.81","-122.22","7026.2286623532","550121.20332884","729002.03442868","60120.121455701","18994.104578664"
"410300","8.8793","52","2315","292","861","258","37.81","-122.23","6197.2963351424","550706.88066268","729573.22000186","60547.476646888","18136.111454878"
"352400","6.8591","52","2485","313","953","327","37.81","-122.24","5384.1421071774","551293.40369029","730145.08438608","60984.573686706","17280.200202579"
"287300","6.0302","52","1490","238","634","256","37.81","-122.24","5384.1421071774","551293.40369029","730145.08438608","60984.573686706","17280.200202579"
"348700","7.508","52","2814","365","878","352","37.81","-122.23","6197.2963351424","550706.88066268","729573.22000186","60547.476646888","18136.111454878"
"243800","2.7477","52","2093","550","918","483","37.81","-122.24","5384.1421071774","551293.40369029","730145.08438608","60984.573686706","17280.200202579"
"211500","2.1944","52","888","168","360","175","37.8","-122.24","5036.3941171791","550466.56082175","729301.71677925","60026.149053395","17057.865496233"
"218400","3.0149","52","2087","510","1197","488","37.8","-122.25","4182.1783564641","551054.88558279","729874.9946361","60479.919161233","16192.526408745"
"269900","3.675","52","2513","502","1048","518","37.81","-122.24","5384.1421071774","551293.40369029","730145.08438608","60984.573686706","17280.200202579"
"218800","3.225","46","3232","835","1373","747","37.81","-122.25","4595.1498797728","551880.76970918","730717.62598178","61431.20462418","16426.696262621"
"225000","2.9345","42","4120","1065","1715","1015","37.8","-122.25","4182.1783564641","551054.88558279","729874.9946361","60479.919161233","16192.526408745"
"250000","2.1429","43","2364","792","1359","722","37.8","-122.25","4182.1783564641","551054.88558279","729874.9946361","60479.919161233","16192.526408745"
"171400","1.6121","41","1471","469","1062","413","37.8","-122.25","4182.1783564641","551054.88558279","729874.9946361","60479.919161233","16192.526408745"
"193800","1.3929","29","2468","864","1335","773","37.8","-122.25","4182.1783564641","551054.88558279","729874.9946361","60479.919161233","16192.526408745"
"125000","2.3173","27","1632","492","1171","429","37.79","-122.24","4920.8136550188","549640.72112542","728459.06693956","59073.105181998","16905.889155419"
"97500","1.7772","45","1786","526","1475","460","37.79","-122.25","4042.1146945014","550230.00642144","729033.08218271","59534.201800604","16032.227857578"
"125000","2.6458","50","629","188","742","196","37.79","-122.25","4042.1146945014","550230.00642144","729033.08218271","59534.201800604","16032.227857578"
"138800","2.181","52","1339","391","1086","363","37.79","-122.25","4042.1146945014","550230.00642144","729033.08218271","59534.201800604","16032.227857578"
"116700","2.2303","36","1678","606","1645","543","37.8","-122.25","4182.1783564641","551054.88558279","729874.9946361","60479.919161233","16192.526408745"
"151800","1.6504","43","2344","647","1710","644","37.8","-122.25","4182.1783564641","551054.88558279","729874.9946361","60479.919161233","16192.526408745"
"127000","2.2697","52","996","228","731","228","37.8","-122.24","5036.3941171791","550466.56082175","729301.71677925","60026.149053395","17057.865496233"
"128600","2.1563","52","1591","373","1118","347","37.8","-122.24","5036.3941171791","550466.56082175","729301.71677925","60026.149053395","17057.865496233"
"140600","2.1348","52","1586","398","1006","335","37.8","-122.24","5036.3941171791","550466.56082175","729301.71677925","60026.149053395","17057.865496233"
"182700","2.6292","47","2046","588","1213","554","37.8","-122.24","5036.3941171791","550466.56082175","729301.71677925","60026.149053395","17057.865496233"
"146900","2.3833","52","1192","289","772","257","37.8","-122.23","5897.7992904625","549879.07846517","728729.11590793","59581.961218213","17924.511119415"
"122800","2.957","52","1803","420","1321","401","37.8","-122.24","5036.3941171791","550466.56082175","729301.71677925","60026.149053395","17057.865496233"
"169300","2.5238","49","2838","749","1487","677","37.8","-122.24","5036.3941171791","550466.56082175","729301.71677925","60026.149053395","17057.865496233"
"126600","1.9375","52","783","184","488","186","37.8","-122.23","5897.7992904625","549879.07846517","728729.11590793","59581.961218213","17924.511119415"
"127900","1.9028","51","1590","414","949","392","37.8","-122.23","5897.7992904625","549879.07846517","728729.11590793","59581.961218213","17924.511119415"
"123500","2.25","50","1746","480","1149","415","37.8","-122.23","5897.7992904625","549879.07846517","728729.11590793","59581.961218213","17924.511119415"
"111900","2.3929","52","1252","299","844","280","37.8","-122.23","5897.7992904625","549879.07846517","728729.11590793","59581.961218213","17924.511119415"
"112800","2.1917","43","5963","1344","4367","1231","37.79","-122.23","5799.5217677735","549052.27763647","727885.7284515","58621.635265738","17780.059477454"
"107900","2.9357","52","1783","395","1659","412","37.79","-122.23","5799.5217677735","549052.27763647","727885.7284515","58621.635265738","17780.059477454"
"137500","1.8854","30","999","264","1011","263","37.79","-122.23","5799.5217677735","549052.27763647","727885.7284515","58621.635265738","17780.059477454"
"105500","2.1638","39","1469","431","1464","389","37.79","-122.24","4920.8136550188","549640.72112542","728459.06693956","59073.105181998","16905.889155419"
"95500","2.125","47","1372","395","1237","303","37.79","-122.24","4920.8136550188","549640.72112542","728459.06693956","59073.105181998","16905.889155419"
"116100","3.375","52","674","180","647","168","37.79","-122.24","4920.8136550188","549640.72112542","728459.06693956","59073.105181998","16905.889155419"
"112200","2.2542","43","1626","376","1284","357","37.79","-122.24","4920.8136550188","549640.72112542","728459.06693956","59073.105181998","16905.889155419"
"75000","2.1","51","175","43","228","55","37.79","-122.25","4042.1146945014","550230.00642144","729033.08218271","59534.201800604","16032.227857578"
"112500","1.6","39","461","129","381","123","37.79","-122.25","4042.1146945014","550230.00642144","729033.08218271","59534.201800604","16032.227857578"
"125000","3.625","52","902","237","846","227","37.79","-122.25","4042.1146945014","550230.00642144","729033.08218271","59534.201800604","16032.227857578"
"115000","1.6929","20","2373","779","1659","676","37.8","-122.26","3340.6716189762","551644.05004683","730448.94787868","60943.057493826","15328.715139569"
"95000","1.6471","52","391","128","520","138","37.77","-122.22","4226.2776992412","546812.17038332","725626.97422077","56260.918400124","18577.099703338"
"96400","2.59","52","1137","301","866","259","37.77","-122.22","4226.2776992412","546812.17038332","725626.97422077","56260.918400124","18577.099703338"
"72000","2.57","52","769","206","612","183","37.77","-122.23","4276.7966160791","547401.69822981","726201.11343656","56717.604775084","17698.415615017"
"71300","2.6429","52","472","146","415","126","37.78","-122.23","5377.3719516157","548226.4827072","727043.06012657","57666.758051473","17704.400220258"
"80800","3.0257","52","862","215","994","213","37.78","-122.23","5377.3719516157","548226.4827072","727043.06012657","57666.758051473","17704.400220258"
"128800","1.4886","50","1920","530","1525","477","37.78","-122.22","5337.285928459","547637.92020588","726469.66102218","57217.70868642","18582.685333928"
"112500","1.9338","43","1420","472","1506","438","37.78","-122.23","5377.3719516157","548226.4827072","727043.06012657","57666.758051473","17704.400220258"
"119400","1.4844","52","986","258","1008","255","37.78","-122.23","5377.3719516157","548226.4827072","727043.06012657","57666.758051473","17704.400220258"
"118100","1.6009","44","2340","825","2813","751","37.78","-122.23","5377.3719516157","548226.4827072","727043.06012657","57666.758051473","17704.400220258"
"122500","2.0375","48","1696","396","1481","343","37.79","-122.23","5799.5217677735","549052.27763647","727885.7284515","58621.635265738","17780.059477454"
"106300","2.293","49","1175","217","859","219","37.79","-122.23","5799.5217677735","549052.27763647","727885.7284515","58621.635265738","17780.059477454"
"132500","2.1494","37","2343","574","1608","523","37.79","-122.22","6448.6185586284","548464.6786703","727313.06832483","58180.016163577","18654.667254873"
"122700","1.6198","30","610","145","425","140","37.79","-122.23","5799.5217677735","549052.27763647","727885.7284515","58621.635265738","17780.059477454"
"113300","1.3281","40","930","199","564","184","37.79","-122.23","5799.5217677735","549052.27763647","727885.7284515","58621.635265738","17780.059477454"
"109500","3.5156","44","1487","314","961","272","37.79","-122.22","6448.6185586284","548464.6786703","727313.06832483","58180.016163577","18654.667254873"
"164700","3.9048","52","3424","690","2273","685","37.79","-122.22","6448.6185586284","548464.6786703","727313.06832483","58180.016163577","18654.667254873"
"125000","3.0893","52","762","190","600","195","37.79","-122.21","6534.5833440656","547877.92695035","726741.08816901","57748.473876994","19529.653705987"
"124700","2.6042","46","2366","575","1647","527","37.79","-122.22","6448.6185586284","548464.6786703","727313.06832483","58180.016163577","18654.667254873"
"136700","2.5","49","1826","450","1201","424","37.79","-122.22","6448.6185586284","548464.6786703","727313.06832483","58180.016163577","18654.667254873"
"141700","2.7969","38","3049","711","2167","659","37.79","-122.22","6448.6185586284","548464.6786703","727313.06832483","58180.016163577","18654.667254873"
"150000","2.8321","29","1640","376","939","340","37.79","-122.2","6735.1633784454","547292.02520779","726169.78959665","57327.235977144","20404.970107716"
"138800","2.9583","47","1543","307","859","292","37.79","-122.21","6534.5833440656","547877.92695035","726741.08816901","57748.473876994","19529.653705987"
"139200","2.8365","34","2364","557","1517","516","37.79","-122.21","6534.5833440656","547877.92695035","726741.08816901","57748.473876994","19529.653705987"
"143800","2.875","35","1745","409","1143","386","37.79","-122.21","6534.5833440656","547877.92695035","726741.08816901","57748.473876994","19529.653705987"
"156500","3.0682","39","2003","500","1109","464","37.8","-122.21","7632.4268854804","548706.65180943","727585.9515367","58723.197476336","19661.03059376"
"151000","3.0757","39","2018","447","1221","446","37.8","-122.21","7632.4268854804","548706.65180943","727585.9515367","58723.197476336","19661.03059376"
"273000","4.9559","43","3045","499","1115","455","37.8","-122.2","7805.9488365947","548121.71295152","727015.39125206","58309.057699497","20530.631378955"
"217100","4.7721","52","1547","293","706","268","37.8","-122.2","7805.9488365947","548121.71295152","727015.39125206","58309.057699497","20530.631378955"
"187100","3.4861","52","3519","711","1883","706","37.8","-122.21","7632.4268854804","548706.65180943","727585.9515367","58723.197476336","19661.03059376"
"239600","5.1184","41","2070","354","804","340","37.8","-122.2","7805.9488365947","548121.71295152","727015.39125206","58309.057699497","20530.631378955"
"229700","4.0977","48","1321","263","506","252","37.8","-122.21","7632.4268854804","548706.65180943","727585.9515367","58723.197476336","19661.03059376"
"257300","4.744","48","1694","259","610","238","37.8","-122.19","8070.902203858","547537.62738052","726445.51438345","57905.371806595","21400.980910418"
"246900","4.2727","46","1938","341","768","332","37.8","-122.19","8070.902203858","547537.62738052","726445.51438345","57905.371806595","21400.980910418"
"179900","2.9844","50","968","195","462","184","37.79","-122.19","7040.5695824776","546706.97618154","725599.1742235","56916.531256874","21280.575735948"
"169600","4.1739","40","1060","256","667","235","37.79","-122.2","6735.1633784454","547292.02520779","726169.78959665","57327.235977144","20404.970107716"
"203300","3.8487","46","2041","405","1059","399","37.8","-122.2","7805.9488365947","548121.71295152","727015.39125206","58309.057699497","20530.631378955"
"263400","4.0114","52","1813","271","637","277","37.8","-122.19","8070.902203858","547537.62738052","726445.51438345","57905.371806595","21400.980910418"
"231800","4.6563","45","2718","451","1106","454","37.79","-122.19","7040.5695824776","546706.97618154","725599.1742235","56916.531256874","21280.575735948"
"140500","2.9297","28","3144","761","1737","669","37.79","-122.19","7040.5695824776","546706.97618154","725599.1742235","56916.531256874","21280.575735948"
"126000","2.3036","35","1802","459","1009","390","37.79","-122.2","6735.1633784454","547292.02520779","726169.78959665","57327.235977144","20404.970107716"
"122000","2.6667","49","882","195","737","210","37.79","-122.2","6735.1633784454","547292.02520779","726169.78959665","57327.235977144","20404.970107716"
"134700","2.619","44","1621","452","1354","491","37.79","-122.2","6735.1633784454","547292.02520779","726169.78959665","57327.235977144","20404.970107716"
"139400","2.4167","45","2115","533","1530","474","37.79","-122.21","6534.5833440656","547877.92695035","726741.08816901","57748.473876994","19529.653705987"
"115400","2.7788","45","2021","528","1410","480","37.79","-122.2","6735.1633784454","547292.02520779","726169.78959665","57327.235977144","20404.970107716"
"137300","2.7352","46","2239","508","1390","569","37.78","-122.21","5440.8519751661","547050.20435603","725896.94166047","56778.793530616","19461.024597959"
"137000","1.8472","52","1477","300","1065","269","37.78","-122.21","5440.8519751661","547050.20435603","725896.94166047","56778.793530616","19461.024597959"
"142600","2.6583","52","1056","224","792","245","37.78","-122.21","5440.8519751661","547050.20435603","725896.94166047","56778.793530616","19461.024597959"
"137500","3.0536","49","898","244","779","245","37.78","-122.21","5440.8519751661","547050.20435603","725896.94166047","56778.793530616","19461.024597959"
"111700","2.3906","44","2968","710","2269","610","37.78","-122.22","5337.285928459","547637.92020588","726469.66102218","57217.70868642","18582.685333928"
"126800","1.7188","43","1702","460","1227","407","37.78","-122.21","5440.8519751661","547050.20435603","725896.94166047","56778.793530616","19461.024597959"
"111300","2.625","47","881","248","753","241","37.78","-122.21","5440.8519751661","547050.20435603","725896.94166047","56778.793530616","19461.024597959"
"114800","2.8015","40","494","114","547","135","37.77","-122.22","4226.2776992412","546812.17038332","725626.97422077","56260.918400124","18577.099703338"
"102300","1.7276","50","1776","473","1807","440","37.78","-122.22","5337.285928459","547637.92020588","726469.66102218","57217.70868642","18582.685333928"
"131900","2.0801","44","1678","514","1700","495","37.78","-122.22","5337.285928459","547637.92020588","726469.66102218","57217.70868642","18582.685333928"
"119100","2.489","51","1637","463","1543","393","37.78","-122.22","5337.285928459","547637.92020588","726469.66102218","57217.70868642","18582.685333928"
"80600","1.7546","52","1420","314","1085","300","37.76","-122.21","3290.2338279312","545397.78420929","724210.80924583","54855.631008258","19514.052665561"
"80600","4.0904","52","591","173","353","137","37.77","-122.21","4356.3543553816","546223.48858286","725053.51451495","55814.419291582","19455.807297271"
"88800","2.6765","52","745","153","473","149","37.77","-122.21","4356.3543553816","546223.48858286","725053.51451495","55814.419291582","19455.807297271"
"102400","2.4338","49","2272","498","1621","483","37.77","-122.2","4651.9017098603","545635.65557298","724480.73593853","55378.353865771","20334.535340204"
"98700","2.3309","46","1234","375","1183","354","37.77","-122.21","4356.3543553816","546223.48858286","725053.51451495","55814.419291582","19455.807297271"
"100000","2.2604","43","1017","328","836","277","37.77","-122.21","4356.3543553816","546223.48858286","725053.51451495","55814.419291582","19455.807297271"
"92300","1.8039","42","932","254","900","263","37.77","-122.19","5084.1441665573","545048.67410614","723908.64011416","54952.970509811","21213.281281514"
"94800","2.2562","39","2689","597","1888","537","37.77","-122.2","4651.9017098603","545635.65557298","724480.73593853","55378.353865771","20334.535340204"
"102000","2.0562","41","1547","415","1024","341","37.77","-122.2","4651.9017098603","545635.65557298","724480.73593853","55378.353865771","20334.535340204"
"158400","3.5398","52","2300","443","1225","423","37.78","-122.2","5680.21799704","546463.33789552","725324.90365746","56350.249397308","20339.410987652"
"121600","3.1167","39","1752","399","1071","376","37.78","-122.2","5680.21799704","546463.33789552","725324.90365746","56350.249397308","20339.410987652"
"129100","2.5401","50","1867","403","1128","378","37.78","-122.2","5680.21799704","546463.33789552","725324.90365746","56350.249397308","20339.410987652"
"121400","2.898","43","2430","502","1537","484","37.77","-122.2","4651.9017098603","545635.65557298","724480.73593853","55378.353865771","20334.535340204"
"102800","2.3125","44","1729","414","1240","393","37.78","-122.21","5440.8519751661","547050.20435603","725896.94166047","56778.793530616","19461.024597959"
"160000","2.875","52","1026","180","469","168","37.78","-122.19","6039.2582231924","545877.32357006","724753.54863235","55932.314675079","21217.838640798"
"143900","3.3715","52","2170","428","1086","425","37.77","-122.19","5084.1441665573","545048.67410614","723908.64011416","54952.970509811","21213.281281514"
"151200","3.5114","52","2329","445","1144","417","37.77","-122.19","5084.1441665573","545048.67410614","723908.64011416","54952.970509811","21213.281281514"
"164400","4.3125","52","2492","415","1109","375","37.78","-122.19","6039.2582231924","545877.32357006","724753.54863235","55932.314675079","21217.838640798"
"156500","3.22","52","2198","397","984","369","37.78","-122.19","6039.2582231924","545877.32357006","724753.54863235","55932.314675079","21217.838640798"
"225000","3.875","33","142","31","575","47","37.78","-122.18","6498.1659216379","545292.16413311","724182.8782075","55525.228938231","22096.302626735"
"174200","5.2328","49","1183","205","496","209","37.78","-122.19","6039.2582231924","545877.32357006","724753.54863235","55932.314675079","21217.838640798"
"166900","3.7262","52","1070","193","555","190","37.78","-122.19","6039.2582231924","545877.32357006","724753.54863235","55932.314675079","21217.838640798"
"163500","4.5893","45","1766","332","869","327","37.78","-122.2","5680.21799704","546463.33789552","725324.90365746","56350.249397308","20339.410987652"
"253000","5.2578","39","617","95","236","106","37.79","-122.18","7437.9004004202","546122.78261824","725029.24366849","56516.589354451","22156.436291258"
"240700","7.0875","41","1411","233","626","214","37.79","-122.18","7437.9004004202","546122.78261824","725029.24366849","56516.589354451","22156.436291258"
"208100","3.9712","46","2109","387","922","329","37.79","-122.18","7437.9004004202","546122.78261824","725029.24366849","56516.589354451","22156.436291258"
"198100","2.9514","47","1229","243","582","256","37.79","-122.19","7040.5695824776","546706.97618154","725599.1742235","56916.531256874","21280.575735948"
"172800","2.6667","50","954","217","546","201","37.79","-122.19","7040.5695824776","546706.97618154","725599.1742235","56916.531256874","21280.575735948"
"336700","5.4446","37","1643","262","620","266","37.81","-122.18","9430.448165193","547787.0052475","726724.11234623","58512.315518201","22442.111869149"
"318200","6.2838","34","1355","195","442","195","37.8","-122.18","8419.7046533896","546954.39783622","725876.32254631","57512.359933719","22271.991399969"
"285800","6.7527","23","2317","336","955","328","37.8","-122.18","8419.7046533896","546954.39783622","725876.32254631","57512.359933719","22271.991399969"
"293000","7.0712","24","2459","317","916","324","37.77","-122.13","9141.3238231898","541544.82283646","720490.4942301","52639.043076336","26486.032565556"
"371000","5.9849","22","12842","2048","4985","1967","37.79","-122.16","8453.6672962866","544956.97290576","723891.4435042","55749.91432652","23908.810072364"
"157300","3.6875","42","1524","260","651","267","37.78","-122.17","7037.4311935817","544707.86234597","723612.89400846","55129.232525452","22974.798768333"
"135300","2.875","30","3326","746","1704","703","37.77","-122.17","6237.233753162","543877.27685063","722766.50322802","54135.250962089","22970.818606114"
"136700","3.4205","43","1985","440","1085","407","37.78","-122.18","6498.1659216379","545292.16413311","724182.8782075","55525.228938231","22096.302626735"
"160700","3.2984","50","1642","322","713","284","37.78","-122.18","6498.1659216379","545292.16413311","724182.8782075","55525.228938231","22096.302626735"
"140600","3.875","49","893","177","468","181","37.78","-122.17","7037.4311935817","544707.86234597","723612.89400846","55129.232525452","22974.798768333"
"144000","4.175","52","653","128","296","121","37.78","-122.17","7037.4311935817","544707.86234597","723612.89400846","55129.232525452","22974.798768333"
"161900","4.375","47","1256","217","570","218","37.77","-122.16","6910.0879400808","543292.86660619","722196.46542748","53743.417602943","23849.606622066"
"156300","4.7708","48","977","194","446","180","37.77","-122.16","6910.0879400808","543292.86660619","722196.46542748","53743.417602943","23849.606622066"
"176000","3.5739","45","2324","397","968","384","37.77","-122.16","6910.0879400808","543292.86660619","722196.46542748","53743.417602943","23849.606622066"
"145800","3.0958","39","1583","349","857","316","37.77","-122.16","6910.0879400808","543292.86660619","722196.46542748","53743.417602943","23849.606622066"
"141900","3.3958","39","1612","342","912","322","37.77","-122.17","6237.233753162","543877.27685063","722766.50322802","54135.250962089","22970.818606114"
"90700","1.871","31","2424","533","1360","452","37.77","-122.17","6237.233753162","543877.27685063","722766.50322802","54135.250962089","22970.818606114"
"90600","1.9356","41","1594","367","1074","355","37.76","-122.17","5545.5922941333","543047.69537214","721920.82972639","53145.944010582","23020.610071322"
"107900","2.1842","47","2118","413","965","382","37.76","-122.17","5545.5922941333","543047.69537214","721920.82972639","53145.944010582","23020.610071322"
"107000","2.2917","37","1575","358","933","320","37.76","-122.18","4842.7618658412","543633.93563092","722492.29756285","53556.717125109","22143.689583396"
"98200","2.4333","38","1764","397","987","354","37.76","-122.17","5545.5922941333","543047.69537214","721920.82972639","53145.944010582","23020.610071322"
"89500","1.9479","50","1187","261","907","246","37.76","-122.18","4842.7618658412","543633.93563092","722492.29756285","53556.717125109","22143.689583396"
"93800","3.9063","52","754","175","447","165","37.76","-122.18","4842.7618658412","543633.93563092","722492.29756285","53556.717125109","22143.689583396"
"96700","1.8407","49","2308","452","1299","451","37.76","-122.18","4842.7618658412","543633.93563092","722492.29756285","53556.717125109","22143.689583396"
"97500","2.0786","27","909","236","396","157","37.77","-122.18","5621.6385855048","544462.54694263","723337.22866765","54538.519179532","22092.042975952"
"97300","2.8125","42","1180","257","877","268","37.77","-122.18","5621.6385855048","544462.54694263","723337.22866765","54538.519179532","22092.042975952"
"91200","1.8913","43","2018","408","1111","367","37.76","-122.18","4842.7618658412","543633.93563092","722492.29756285","53556.717125109","22143.689583396"
"91400","1.7056","49","1368","282","790","269","37.76","-122.19","4206.8118695167","544221.03237208","723064.4511827","53978.763964497","21266.941060681"
"96200","2.2768","52","2744","547","1479","554","37.77","-122.18","5621.6385855048","544462.54694263","723337.22866765","54538.519179532","22092.042975952"
"120100","3.2552","51","2107","471","1173","438","37.77","-122.18","5621.6385855048","544462.54694263","723337.22866765","54538.519179532","22092.042975952"
"100000","2.0556","52","1748","362","1029","366","37.77","-122.18","5621.6385855048","544462.54694263","723337.22866765","54538.519179532","22092.042975952"
"94700","2.4659","52","2024","391","1030","350","37.76","-122.19","4206.8118695167","544221.03237208","723064.4511827","53978.763964497","21266.941060681"
"85700","1.75","47","1116","259","826","279","37.76","-122.2","3672.6509236841","544808.98282057","723637.28895346","54411.822189762","20390.386696406"
"89300","2.0469","41","2036","510","1412","454","37.77","-122.19","5084.1441665573","545048.67410614","723908.64011416","54952.970509811","21213.281281514"
"101400","2.7159","45","1852","393","1132","349","37.77","-122.19","5084.1441665573","545048.67410614","723908.64011416","54952.970509811","21213.281281514"
"72500","1.2083","41","921","207","522","159","37.76","-122.19","4206.8118695167","544221.03237208","723064.4511827","53978.763964497","21266.941060681"
"74100","1.925","45","995","238","630","237","37.76","-122.19","4206.8118695167","544221.03237208","723064.4511827","53978.763964497","21266.941060681"
"70000","1.5809","36","606","132","531","133","37.75","-122.2","2794.5307944314","543983.32424094","722794.56522539","53450.945347319","20506.468874614"
"84600","1.4097","37","2680","736","1925","667","37.76","-122.2","3672.6509236841","544808.98282057","723637.28895346","54411.822189762","20390.386696406"
"81800","0.7683","38","1493","370","1144","351","37.76","-122.19","4206.8118695167","544221.03237208","723064.4511827","53978.763964497","21266.941060681"
"81400","1.3194","19","2207","565","1481","520","37.75","-122.19","3466.8245533802","543394.40297251","722220.98436134","53009.978294284","21378.379607363"
"81800","0.8012","28","856","189","435","162","37.75","-122.19","3466.8245533802","543394.40297251","722220.98436134","53009.978294284","21378.379607363"
"85800","1.9479","26","1293","297","984","303","37.76","-122.19","4206.8118695167","544221.03237208","723064.4511827","53978.763964497","21266.941060681"
"87100","1.1765","36","847","212","567","159","37.74","-122.19","2968.7271753348","542568.79053447","721378.24218309","52046.916207675","21546.700452801"
"83500","2.3456","42","541","154","380","123","37.74","-122.18","3817.063384677","541979.74909248","720804.60076226","51608.955103486","22412.737376343"
"79700","2.1538","44","1066","253","825","244","37.73","-122.19","2842.6522436735","541744.19970751","720536.22719061","51089.901380212","21770.58426816"
"83400","2.5139","43","707","147","417","155","37.74","-122.19","2968.7271753348","542568.79053447","721378.24218309","52046.916207675","21546.700452801"
"84700","1.2625","45","1528","291","801","287","37.73","-122.19","2842.6522436735","541744.19970751","720536.22719061","51089.901380212","21770.58426816"
"80000","2.9063","42","909","215","646","198","37.73","-122.18","3719.9571466378","541154.18314642","719961.84014257","50643.604429439","22628.167833954"
"76400","2.5192","43","1391","293","855","285","37.73","-122.18","3719.9571466378","541154.18314642","719961.84014257","50643.604429439","22628.167833954"
"79700","2.1111","44","548","119","435","136","37.73","-122.18","3719.9571466378","541154.18314642","719961.84014257","50643.604429439","22628.167833954"
"82400","2.455","42","4074","874","2736","780","37.73","-122.18","3719.9571466378","541154.18314642","719961.84014257","50643.604429439","22628.167833954"
"97700","2.4028","41","1613","445","1481","414","37.74","-122.17","4676.8790487968","541391.56292182","720231.64466405","51182.436942432","23279.755243372"
"97200","2.15","47","463","134","327","137","37.74","-122.17","4676.8790487968","541391.56292182","720231.64466405","51182.436942432","23279.755243372"
"101600","2.4776","43","818","193","494","179","37.74","-122.17","4676.8790487968","541391.56292182","720231.64466405","51182.436942432","23279.755243372"
"86500","2.1587","43","1473","371","1231","341","37.73","-122.17","4598.0748558745","540565.02123461","719388.13817983","50208.82760938","23487.348503097"
"90500","1.8438","35","504","126","323","109","37.74","-122.18","3817.063384677","541979.74909248","720804.60076226","51608.955103486","22412.737376343"
"107600","3.0298","46","1026","226","749","225","37.74","-122.17","4676.8790487968","541391.56292182","720231.64466405","51182.436942432","23279.755243372"
"84200","2.25","46","769","183","693","178","37.74","-122.17","4676.8790487968","541391.56292182","720231.64466405","51182.436942432","23279.755243372"
"88900","2.2467","46","2103","391","1339","354","37.74","-122.18","3817.063384677","541979.74909248","720804.60076226","51608.955103486","22412.737376343"
"80700","4.0469","45","330","76","282","80","37.75","-122.18","4216.008379354","542806.33480452","721648.08741665","52580.097693057","22250.853159276"
"87100","1.325","46","941","218","621","195","37.75","-122.18","4216.008379354","542806.33480452","721648.08741665","52580.097693057","22250.853159276"
"85100","1.6196","38","992","279","732","259","37.75","-122.17","5007.6905663106","542219.12251888","721075.87602728","52161.577650494","23123.825814687"
"82000","2.1731","45","990","261","901","260","37.75","-122.18","4216.008379354","542806.33480452","721648.08741665","52580.097693057","22250.853159276"
"82800","1.9167","36","1126","263","482","150","37.75","-122.19","3466.8245533802","543394.40297251","722220.98436134","53009.978294284","21378.379607363"
"84600","2.069","43","1036","233","652","213","37.75","-122.18","4216.008379354","542806.33480452","721648.08741665","52580.097693057","22250.853159276"
"82100","1.712","36","1047","214","651","166","37.75","-122.18","4216.008379354","542806.33480452","721648.08741665","52580.097693057","22250.853159276"
"89300","2.5625","33","1280","307","999","286","37.76","-122.17","5545.5922941333","543047.69537214","721920.82972639","53145.944010582","23020.610071322"
"98300","1.9821","43","1587","320","907","306","37.75","-122.17","5007.6905663106","542219.12251888","721075.87602728","52161.577650494","23123.825814687"
"92300","2.5043","41","1257","271","828","230","37.75","-122.17","5007.6905663106","542219.12251888","721075.87602728","52161.577650494","23123.825814687"
"88800","2.3281","44","1218","248","763","254","37.75","-122.17","5007.6905663106","542219.12251888","721075.87602728","52161.577650494","23123.825814687"
"90000","1.4375","48","1751","390","935","349","37.75","-122.17","5007.6905663106","542219.12251888","721075.87602728","52161.577650494","23123.825814687"
"95500","2.5122","45","2299","514","1437","484","37.76","-122.16","6292.9341513079","542462.31437872","721350.04930904","52746.708013882","23897.683584321"
"91700","1.5625","38","2457","624","1516","482","37.75","-122.16","5824.5675255768","541632.76890548","720504.35183242","51754.693777353","23997.243095012"
"100400","3.1587","47","998","211","597","185","37.75","-122.17","5007.6905663106","542219.12251888","721075.87602728","52161.577650494","23123.825814687"
"94800","1.8426","40","1685","343","949","342","37.76","-122.17","5545.5922941333","543047.69537214","721920.82972639","53145.944010582","23020.610071322"
"164300","4.6696","46","1827","307","881","302","37.76","-122.16","6292.9341513079","542462.31437872","721350.04930904","52746.708013882","23897.683584321"
"155500","2.4598","36","2781","574","1438","519","37.76","-122.16","6292.9341513079","542462.31437872","721350.04930904","52746.708013882","23897.683584321"
"196900","6.0749","39","1823","286","763","270","37.76","-122.15","7070.6874777506","541877.79544156","720779.95794969","52359.273049527","24774.893860855"
"279100","4.8304","27","2229","365","1297","355","37.77","-122.14","8371.360322046","542126.63680341","721058.45928837","52995.062645727","25607.214673569"
"252800","5.5701","34","1513","231","545","211","37.76","-122.14","7869.8409958615","541294.1413595","720210.55729047","51983.902981172","25652.22686102"
"275400","5.37","26","3266","491","1222","533","37.76","-122.13","8684.4889183385","540711.35493931","719641.84897668","51620.861009749","26529.670399924"
"250000","6.86","33","1809","261","808","219","37.75","-122.12","9207.81797024","539295.99725215","718225.15989524","50249.052443856","27494.510515957"
"329800","7.6923","28","794","111","329","109","37.75","-122.12","9207.81797024","539295.99725215","718225.15989524","50249.052443856","27494.510515957"
"195500","4.0313","36","690","105","299","109","37.75","-122.14","7500.7987734176","540462.64889497","719363.37159924","50976.941121917","25745.230462181"
"255900","6.8323","33","1334","200","579","202","37.75","-122.14","7500.7987734176","540462.64889497","719363.37159924","50976.941121917","25745.230462181"
"311100","4.975","30","414","54","137","50","37.75","-122.13","8351.6318951234","539878.88811766","718793.91885545","50606.625852863","26619.724831305"
"330000","5.3602","36","768","93","229","93","37.75","-122.13","8351.6318951234","539878.88811766","718793.91885545","50606.625852863","26619.724831305"
"248900","5","41","4400","666","1476","648","37.74","-122.13","8157.9423788788","539047.42700951","717946.70640026","49596.579745619","26755.727176832"
"142900","2.925","46","954","161","429","154","37.75","-122.16","5824.5675255768","541632.76890548","720504.35183242","51754.693777353","23997.243095012"
"126300","3.8913","40","1445","256","849","255","37.75","-122.15","6657.371306303","541047.27676221","719933.51647453","51359.722632497","24871.058148067"
"135800","3.225","44","1938","399","946","331","37.75","-122.15","6657.371306303","541047.27676221","719933.51647453","51359.722632497","24871.058148067"
"130600","3.1458","41","856","178","571","191","37.74","-122.15","6412.4430239228","540217.76758976","719087.79500958","50364.884546271","25016.325687864"
"107900","2.537","24","1790","454","1137","386","37.75","-122.16","5824.5675255768","541632.76890548","720504.35183242","51754.693777353","23997.243095012"
"111100","2.5568","44","617","131","378","135","37.75","-122.16","5824.5675255768","541632.76890548","720504.35183242","51754.693777353","23997.243095012"
"122000","3.5083","43","1383","275","853","272","37.74","-122.15","6412.4430239228","540217.76758976","719087.79500958","50364.884546271","25016.325687864"
"118000","3.3125","49","1325","277","764","282","37.74","-122.15","6412.4430239228","540217.76758976","719087.79500958","50364.884546271","25016.325687864"
"95200","1.8235","40","1227","294","928","261","37.75","-122.16","5824.5675255768","541632.76890548","720504.35183242","51754.693777353","23997.243095012"
"94300","3.8047","35","667","140","406","133","37.75","-122.16","5824.5675255768","541632.76890548","720504.35183242","51754.693777353","23997.243095012"
"92500","2.2917","34","1223","281","824","280","37.74","-122.17","4676.8790487968","541391.56292182","720231.64466405","51182.436942432","23279.755243372"
"91800","2.4962","37","1379","287","835","259","37.75","-122.17","5007.6905663106","542219.12251888","721075.87602728","52161.577650494","23123.825814687"
"109400","4.0417","43","1534","300","826","295","37.74","-122.16","5542.8345836371","540804.23481929","719659.37553118","50767.650139648","24147.648382846"
"129500","3.4844","46","1029","181","567","211","37.74","-122.16","5542.8345836371","540804.23481929","719659.37553118","50767.650139648","24147.648382846"
"143400","4.1458","52","771","147","355","144","37.74","-122.16","5542.8345836371","540804.23481929","719659.37553118","50767.650139648","24147.648382846"
"98200","2.625","47","824","223","533","166","37.74","-122.16","5542.8345836371","540804.23481929","719659.37553118","50767.650139648","24147.648382846"
"103100","2.0227","44","1097","239","609","215","37.74","-122.16","5542.8345836371","540804.23481929","719659.37553118","50767.650139648","24147.648382846"
"276800","3.3333","49","1283","238","576","236","37.9","-122.29","3830.7686732849","561681.91274939","740603.87424423","71852.41166796","18717.611987735"
"270900","5.338","52","1604","263","594","286","37.9","-122.29","3830.7686732849","561681.91274939","740603.87424423","71852.41166796","18717.611987735"
"246200","3.4732","52","2248","422","870","377","37.89","-122.29","3881.6763390479","560850.94913314","739757.78611802","70884.221472875","17900.875349639"
"224200","3.5125","38","2263","522","1027","509","37.9","-122.3","2958.9442930913","562264.930724","741173.21195341","72285.093269398","18147.367652195"
"229100","3.1375","52","1571","349","693","326","37.89","-122.29","3881.6763390479","560850.94913314","739757.78611802","70884.221472875","17900.875349639"
"211600","2.8036","46","1520","402","815","375","37.89","-122.3","3024.4288234583","561434.90706195","740327.84897127","71322.836017414","17303.653923293"
"256100","4.5824","15","5083","1212","2420","1146","37.9","-122.3","2958.9442930913","562264.930724","741173.21195341","72285.093269398","18147.367652195"
"206300","3.0208","36","1077","293","518","276","37.89","-122.3","3024.4288234583","561434.90706195","740327.84897127","71322.836017414","17303.653923293"
"221300","4.0875","52","1248","283","620","275","37.89","-122.3","3024.4288234583","561434.90706195","740327.84897127","71322.836017414","17303.653923293"
"207400","4.5268","42","1342","291","551","266","37.89","-122.33","791.54942653459","563191.75987643","742042.04825403","72686.858097404","15671.541565426"
"350000","1.7375","37","3061","930","2556","924","37.88","-122.34","1931.3040036995","562953.74027618","741773.02206821","72223.826374764","14258.178693472"
"218200","3.1795","52","3171","698","1498","696","37.89","-122.29","3881.6763390479","560850.94913314","739757.78611802","70884.221472875","17900.875349639"
"216700","3.8672","50","1211","261","523","227","37.88","-122.29","4234.7249994819","560020.95783417","738912.39932265","69920.308083243","17117.433722771"
"270600","5.1675","52","979","175","374","153","37.89","-122.29","3881.6763390479","560850.94913314","739757.78611802","70884.221472875","17900.875349639"
"261400","5.1696","52","2269","380","1004","371","37.89","-122.29","3881.6763390479","560850.94913314","739757.78611802","70884.221472875","17900.875349639"
"261300","4.2614","52","1844","332","769","334","37.88","-122.28","5039.2626440506","559436.89183152","738342.28105541","69483.946819597","17764.489219403"
"232200","5.0551","52","2178","421","940","423","37.89","-122.29","3881.6763390479","560850.94913314","739757.78611802","70884.221472875","17900.875349639"
"375400","5.6228","42","1650","274","645","256","37.9","-122.27","5579.7032087062","560518.38351851","739467.21411834","71011.91604075","19925.365679066"
"357300","7.8864","52","1927","279","705","288","37.9","-122.26","6455.3814510455","559937.87748339","738899.89481341","70604.398056223","20558.923853431"
"374400","7.9556","52","2079","273","684","275","37.9","-122.27","5579.7032087062","560518.38351851","739467.21411834","71011.91604075","19925.365679066"
"358800","6.174","52","1803","240","572","236","37.9","-122.27","5579.7032087062","560518.38351851","739467.21411834","71011.91604075","19925.365679066"
"417500","6.9414","52","2041","270","671","253","37.9","-122.27","5579.7032087062","560518.38351851","739467.21411834","71011.91604075","19925.365679066"
"430500","8.8342","52","3046","373","975","365","37.89","-122.27","5614.9751947878","559685.53841704","738619.67509718","70031.991019898","19160.346343057"
"362900","7.1754","52","2318","328","779","312","37.9","-122.28","4704.6821549752","561099.72947854","740035.20778107","71427.970006221","19310.966146807"
"397000","10.0825","52","2003","250","658","244","37.9","-122.28","4704.6821549752","561099.72947854","740035.20778107","71427.970006221","19310.966146807"
"346800","4.9083","52","2261","328","819","335","37.9","-122.28","4704.6821549752","561099.72947854","740035.20778107","71427.970006221","19310.966146807"
"327100","5.7912","52","1225","169","412","168","37.89","-122.28","4746.3322828972","560267.82538035","739188.39430742","70453.888914194","18520.497185527"
"290100","4.5893","52","2315","408","835","369","37.89","-122.28","4746.3322828972","560267.82538035","739188.39430742","70453.888914194","18520.497185527"
"292000","5.4171","52","2070","329","722","306","37.89","-122.28","4746.3322828972","560267.82538035","739188.39430742","70453.888914194","18520.497185527"
"270900","4.125","52","2616","473","1085","487","37.89","-122.28","4746.3322828972","560267.82538035","739188.39430742","70453.888914194","18520.497185527"
"371100","7.266","52","2640","366","973","355","37.89","-122.27","5614.9751947878","559685.53841704","738619.67509718","70031.991019898","19160.346343057"
"335600","5.3989","52","1978","293","723","272","37.89","-122.27","5614.9751947878","559685.53841704","738619.67509718","70031.991019898","19160.346343057"
"371300","7.8336","37","2220","335","903","362","37.9","-122.26","6455.3814510455","559937.87748339","738899.89481341","70604.398056223","20558.923853431"
"344000","6.1593","41","1125","195","356","181","37.89","-122.25","7358.5698802892","558523.48534842","737484.26072345","69214.113129605","20493.089509624"
